{
  "iteration": 10,
  "compilation_rate": 0.275,
  "correctness_rate": 0.125,
  "avg_speedup": 1.7171000576871087,
  "avg_reward": -0.6455986489346175,
  "speedup_distribution": [
    0.5246478873239437,
    2.4584837545126352,
    2.4584837545126352,
    2.449640287769784,
    0.6942446043165468
  ],
  "fast_p_scores": {
    "fast_p_0.0": 0.125,
    "fast_p_0.5": 0.125,
    "fast_p_0.8": 0.075,
    "fast_p_1.0": 0.075,
    "fast_p_1.5": 0.075,
    "fast_p_2.0": 0.075
  },
  "training_history": {
    "policy_loss": [
      -0.02295262748375535
    ],
    "kl_div": [
      0.14053123109042645
    ],
    "total_loss": [
      -0.02014200100675225
    ]
  }
}